City_ID,City,Lat,Lng,Max Temp,Humidity,Cloudiness,Wind,Description,Date
0,Vaini,-21.2,-175.2,71.76,100,20,4.61,few clouds,2021-07-11 18:24:50
1,Mataura,-46.1927,168.8643,34.63,93,88,3.15,overcast clouds,2021-07-11 18:24:19
2,Cienfuegos,22.1461,-80.4356,84.34,70,40,4.61,light rain,2021-07-11 18:26:19
3,Cape Town,-33.9258,18.4232,56.88,82,20,1.99,few clouds,2021-07-11 18:24:35
4,Atuona,-9.8,-139.0333,77.77,80,59,25.75,light rain,2021-07-11 18:22:40
5,Dolgoderevenskoye,55.3444,61.3444,59.34,88,75,11.18,broken clouds,2021-07-11 18:21:45
6,Nabire,-3.3667,135.4833,75.52,91,85,2.86,overcast clouds,2021-07-11 18:25:10
7,Olinda,-8.0089,-34.8553,78.53,69,40,10.36,scattered clouds,2021-07-11 18:26:20
8,Castro,-24.7911,-50.0119,67.44,45,0,3.36,clear sky,2021-07-11 18:24:21
9,Punta Arenas,-53.15,-70.9167,33.91,93,75,29.93,light intensity shower rain,2021-07-11 18:21:13
10,Lavrentiya,65.5833,-171.0,44.04,91,84,2.66,broken clouds,2021-07-11 18:25:18
11,Barrow,71.2906,-156.7887,33.82,80,90,11.5,haze,2021-07-11 18:20:02
12,Rikitea,-23.1203,-134.9692,73.58,83,38,20.78,light rain,2021-07-11 18:20:10
13,Busselton,-33.65,115.3333,56.05,69,100,24.87,light rain,2021-07-11 18:24:18
14,Isangel,-19.55,169.2667,72.55,80,99,1.9,overcast clouds,2021-07-11 18:25:29
15,Tomohon,1.3346,124.8392,67.14,90,90,2.75,overcast clouds,2021-07-11 18:26:21
16,Healdsburg,38.6105,-122.8692,107.1,13,0,4.18,clear sky,2021-07-11 18:26:22
17,San Juan,-31.5375,-68.5364,64.08,36,13,3.83,few clouds,2021-07-11 18:26:22
18,Boiro,42.65,-8.9,66.88,70,89,11.88,overcast clouds,2021-07-11 18:25:01
19,Albany,42.6001,-73.9662,76.37,85,99,4.97,light rain,2021-07-11 18:24:32
20,Ushuaia,-54.8,-68.3,35.26,69,75,11.5,light snow,2021-07-11 18:21:31
21,Yellowknife,62.456,-114.3525,73.33,56,75,1.99,broken clouds,2021-07-11 18:24:32
22,Newport,51.5877,-2.9984,60.17,91,100,7.31,light rain,2021-07-11 18:25:23
23,Severo-Kurilsk,50.6789,156.125,50.81,96,97,6.69,overcast clouds,2021-07-11 18:24:36
24,Dikson,73.5069,80.5464,34.81,99,100,14.94,light rain,2021-07-11 18:24:26
25,Kamiiso,41.8167,140.65,65.84,98,100,2.51,overcast clouds,2021-07-11 18:26:23
26,Mayo,38.8876,-76.5119,93.25,76,1,1.01,clear sky,2021-07-11 18:25:43
27,Belle Fourche,44.6714,-103.8522,90.25,25,0,7.85,clear sky,2021-07-11 18:26:23
28,Codrington,-38.2667,141.9667,51.53,53,94,19.17,overcast clouds,2021-07-11 18:26:24
29,Kapaa,22.0752,-159.319,82.72,76,90,3.0,overcast clouds,2021-07-11 18:24:29
30,Iquitos,-3.7481,-73.2472,86.04,66,75,3.44,broken clouds,2021-07-11 18:24:58
31,Melita,49.2681,-100.9967,88.18,38,0,13.49,clear sky,2021-07-11 18:26:24
32,Myitkyina,25.3833,97.4,75.79,97,76,1.63,broken clouds,2021-07-11 18:26:25
33,Dhidhdhoo,6.8833,73.1,81.91,82,100,16.93,overcast clouds,2021-07-11 18:26:25
34,Bredasdorp,-34.5322,20.0403,45.72,87,8,0.0,clear sky,2021-07-11 18:24:39
35,Culebra,18.303,-65.301,89.69,83,100,21.94,overcast clouds,2021-07-11 18:26:25
36,Ribeira Grande,38.5167,-28.7,72.0,56,20,17.27,few clouds,2021-07-11 18:25:00
37,Saskylakh,71.9167,114.0833,41.29,54,57,8.5,broken clouds,2021-07-11 18:25:20
38,Butaritari,3.0707,172.7902,82.22,75,98,13.4,overcast clouds,2021-07-11 18:24:41
39,Carnarvon,-24.8667,113.6333,62.67,76,40,11.5,scattered clouds,2021-07-11 18:24:38
40,Port Lincoln,-34.7333,135.8667,55.47,71,48,17.85,scattered clouds,2021-07-11 18:24:32
41,Saint-Philippe,-21.3585,55.7679,69.35,80,48,13.29,scattered clouds,2021-07-11 18:24:21
42,Salinopolis,-0.6136,-47.3561,82.31,77,89,11.18,overcast clouds,2021-07-11 18:26:26
43,Cidreira,-30.1811,-50.2056,64.13,79,9,6.51,clear sky,2021-07-11 18:19:33
44,Nikolskoye,59.7035,30.7861,77.88,68,42,6.51,scattered clouds,2021-07-11 18:24:38
45,Sao Filipe,14.8961,-24.4956,72.59,76,87,6.6,overcast clouds,2021-07-11 18:21:07
46,Hobart,-42.8794,147.3294,41.27,89,100,5.01,overcast clouds,2021-07-11 18:23:28
47,Narsaq,60.9167,-46.05,46.62,97,100,4.27,moderate rain,2021-07-11 18:26:27
48,Moron,-34.6534,-58.6198,64.02,38,1,3.0,clear sky,2021-07-11 18:23:40
49,Omboue,-1.5746,9.2618,75.15,85,78,8.72,broken clouds,2021-07-11 18:26:28
50,Mahebourg,-20.4081,57.7,71.26,78,75,16.11,broken clouds,2021-07-11 18:19:44
51,Tenno,39.9,139.9667,71.02,92,100,10.65,overcast clouds,2021-07-11 18:26:28
52,Bluff,-46.6,168.3333,45.16,77,100,13.8,overcast clouds,2021-07-11 18:24:19
53,Qaanaaq,77.484,-69.3632,38.91,65,54,1.83,broken clouds,2021-07-11 18:24:26
54,Samfya,-11.3649,29.5565,65.89,46,9,13.11,clear sky,2021-07-11 18:26:29
55,Jamestown,42.097,-79.2353,69.12,97,90,4.0,moderate rain,2021-07-11 18:22:10
56,New Norfolk,-42.7826,147.0587,40.91,84,100,2.84,overcast clouds,2021-07-11 18:24:24
57,Bambous Virieux,-20.3428,57.7575,71.22,78,75,16.11,broken clouds,2021-07-11 18:19:40
58,Port Alfred,-33.5906,26.891,63.36,60,0,12.21,clear sky,2021-07-11 18:24:25
59,Kaitangata,-46.2817,169.8464,39.92,82,98,8.61,overcast clouds,2021-07-11 18:24:53
60,Tuktoyaktuk,69.4541,-133.0374,57.2,77,75,13.8,broken clouds,2021-07-11 18:24:50
61,Pierre,44.3683,-100.351,88.0,39,1,8.05,clear sky,2021-07-11 18:24:49
62,Ballina,-28.8667,153.5667,53.56,94,90,10.36,overcast clouds,2021-07-11 18:25:04
63,Klaksvik,62.2266,-6.589,54.52,99,100,10.04,overcast clouds,2021-07-11 18:25:55
64,Khagaria,25.5,86.4833,81.09,88,95,8.41,overcast clouds,2021-07-11 18:26:30
65,La Ronge,55.1001,-105.2842,80.85,36,1,6.91,smoke,2021-07-11 18:20:44
66,Bathsheba,13.2167,-59.5167,84.81,79,75,29.93,broken clouds,2021-07-11 18:26:20
67,Hohhot,40.8106,111.6522,73.69,68,20,8.95,light rain,2021-07-11 18:19:32
68,Lethem,3.3803,-59.7968,85.91,66,78,4.81,broken clouds,2021-07-11 18:26:31
69,Ahipara,-35.1667,173.1667,55.67,93,100,18.1,light rain,2021-07-11 18:24:55
70,Saint George,37.1041,-113.5841,110.53,11,1,1.99,clear sky,2021-07-11 18:15:39
71,East London,-33.0153,27.9116,59.94,88,0,4.61,clear sky,2021-07-11 18:24:56
72,Broken Hill,-31.95,141.4333,49.87,46,78,11.86,broken clouds,2021-07-11 18:24:19
73,Hithadhoo,-0.6,73.0833,82.2,68,57,3.13,light rain,2021-07-11 18:24:58
74,Bambanglipuro,-7.95,110.2833,56.61,88,68,4.52,broken clouds,2021-07-11 18:24:48
75,Zhigansk,66.7697,123.3711,42.46,92,96,13.15,light rain,2021-07-11 18:26:32
76,Thompson,55.7435,-97.8558,84.36,48,20,8.05,smoke,2021-07-11 18:24:21
77,Mar Del Plata,-38.0023,-57.5575,60.87,47,0,8.01,clear sky,2021-07-11 18:21:59
78,Praia Da Vitoria,38.7333,-27.0667,72.75,64,75,14.23,broken clouds,2021-07-11 18:26:32
79,Ahome,25.9167,-109.1833,92.14,69,78,1.01,broken clouds,2021-07-11 18:26:33
80,Port Blair,11.6667,92.75,77.04,94,90,1.14,drizzle,2021-07-11 18:26:33
81,Hilo,19.7297,-155.09,77.79,84,75,4.61,light rain,2021-07-11 18:24:46
82,Karjat,18.9167,73.3333,80.08,94,100,1.1,heavy intensity rain,2021-07-11 18:26:33
83,Vardo,70.3705,31.1107,52.0,81,0,9.22,clear sky,2021-07-11 18:25:32
84,Sorland,67.667,12.6934,62.67,94,100,15.59,overcast clouds,2021-07-11 18:19:58
85,Anadyr,64.75,177.4833,54.1,87,0,2.24,clear sky,2021-07-11 18:26:34
86,College,64.8569,-147.8028,64.06,52,75,0.0,broken clouds,2021-07-11 18:26:06
87,Strezhevoy,60.7333,77.5889,42.78,64,100,5.26,overcast clouds,2021-07-11 18:26:34
88,Fakel,57.6325,53.0252,54.73,68,7,6.31,clear sky,2021-07-11 18:26:35
89,Ulundi,-28.3352,31.4162,59.27,52,0,2.95,clear sky,2021-07-11 18:26:35
90,Saint-Joseph,-21.3667,55.6167,68.36,78,29,13.35,scattered clouds,2021-07-11 18:25:54
91,Yumen,40.2833,97.2,79.57,26,1,6.42,clear sky,2021-07-11 18:26:35
92,Victoria,22.2855,114.1577,86.38,85,96,8.99,overcast clouds,2021-07-11 18:20:11
93,Talnakh,69.4865,88.3972,50.47,52,94,10.47,overcast clouds,2021-07-11 18:25:19
94,Topolobampo,25.6,-109.05,92.1,48,75,0.0,broken clouds,2021-07-11 18:26:36
95,Provideniya,64.3833,-173.3,50.2,81,72,6.13,broken clouds,2021-07-11 18:19:31
96,Alta Floresta,-9.8756,-56.0861,94.82,24,0,6.91,clear sky,2021-07-11 18:25:20
97,Upernavik,72.7868,-56.1549,39.52,69,22,12.75,few clouds,2021-07-11 18:25:25
98,Alice Springs,-23.7,133.8833,49.55,50,71,5.75,broken clouds,2021-07-11 18:25:16
99,Deder,9.3167,41.45,62.02,69,59,7.94,broken clouds,2021-07-11 18:26:37
100,Alofi,-19.0595,-169.9187,75.09,100,17,5.75,few clouds,2021-07-11 18:26:37
101,Bengkulu,-3.8004,102.2655,76.46,88,100,4.52,light rain,2021-07-11 18:24:47
102,Necochea,-38.5473,-58.7368,59.25,34,0,12.46,clear sky,2021-07-11 18:20:28
103,Sao Borja,-28.6606,-56.0044,78.13,52,51,7.61,broken clouds,2021-07-11 18:26:38
104,Mount Gambier,-37.8333,140.7667,50.25,61,63,12.17,broken clouds,2021-07-11 18:24:23
105,Manokwari,-0.8667,134.0833,79.25,76,78,5.03,broken clouds,2021-07-11 18:26:38
106,Beloha,-25.1667,45.05,64.87,80,0,5.73,clear sky,2021-07-11 18:26:39
107,Muli,2.9167,73.5667,82.02,77,100,9.75,overcast clouds,2021-07-11 18:21:06
108,Pathein,16.7833,94.7333,78.04,89,97,7.31,overcast clouds,2021-07-11 18:26:39
109,Boldumsaz,42.1282,59.671,82.35,20,0,7.25,clear sky,2021-07-11 18:26:40
110,Xuanhua,40.6103,115.0447,71.42,90,99,7.87,moderate rain,2021-07-11 18:26:40
111,Zhangye,38.9342,100.4517,76.14,37,15,6.49,few clouds,2021-07-11 18:26:40
112,Jumla,29.2747,82.1838,63.25,93,100,2.15,overcast clouds,2021-07-11 18:25:57
113,Khatanga,71.9667,102.5,44.13,54,83,5.06,broken clouds,2021-07-11 18:25:54
114,Guadalajara,20.6667,-103.3333,75.78,64,75,3.44,broken clouds,2021-07-11 18:26:41
115,Lasa,46.6166,10.7002,75.11,71,60,0.78,broken clouds,2021-07-11 18:26:41
116,Chuy,-33.6971,-53.4616,57.78,43,0,3.6,clear sky,2021-07-11 18:19:44
117,Shanghai,31.2222,121.4581,84.06,89,0,8.95,clear sky,2021-07-11 18:26:00
118,Kodiak,57.79,-152.4072,51.31,82,90,13.8,moderate rain,2021-07-11 18:25:01
119,Hermanus,-34.4187,19.2345,52.9,65,5,7.25,clear sky,2021-07-11 18:24:54
120,Souillac,-20.5167,57.5167,71.37,78,75,16.11,broken clouds,2021-07-11 18:19:43
121,Nouadhibou,20.931,-17.0347,67.21,94,68,17.72,broken clouds,2021-07-11 18:25:32
122,Ancud,-41.8697,-73.8203,46.22,87,100,7.58,overcast clouds,2021-07-11 18:26:42
123,Puerto Ayora,-0.7393,-90.3518,80.56,81,48,10.0,scattered clouds,2021-07-11 18:24:35
124,Ponta Do Sol,32.6667,-17.1,81.23,69,3,4.9,clear sky,2021-07-11 18:26:42
125,Manoel Urbano,-8.8389,-69.2597,94.26,30,99,4.34,overcast clouds,2021-07-11 18:26:43
126,Pisco,-13.7,-76.2167,66.02,82,90,10.36,overcast clouds,2021-07-11 18:26:28
127,Krasnoselkup,65.7,82.4667,47.48,59,66,6.8,broken clouds,2021-07-11 18:26:43
128,Jiblah,13.9216,44.1467,69.26,58,100,5.17,overcast clouds,2021-07-11 18:26:44
129,La Asuncion,11.0333,-63.8628,83.05,71,96,12.57,overcast clouds,2021-07-11 18:21:03
130,Swan River,52.1058,-101.2676,89.49,31,0,14.97,clear sky,2021-07-11 18:26:44
131,Port Elizabeth,-33.918,25.5701,54.1,87,0,2.3,clear sky,2021-07-11 18:24:20
132,Lorengau,-2.0226,147.2712,81.81,79,77,8.25,broken clouds,2021-07-11 18:25:30
133,Grand Gaube,-20.0064,57.6608,71.38,74,78,5.99,light rain,2021-07-11 18:24:59
134,Oktyabrskoye,43.0645,44.7417,69.35,73,50,6.71,scattered clouds,2021-07-11 18:26:45
135,Coihaique,-45.5752,-72.0662,42.75,56,75,6.91,broken clouds,2021-07-11 18:19:34
136,Straumen,63.8709,11.2999,63.63,92,100,5.53,overcast clouds,2021-07-11 18:26:45
137,Saint-Georges,12.0564,-61.7485,78.82,84,97,15.75,overcast clouds,2021-07-11 18:23:37
138,Surgut,61.25,73.4167,50.18,81,0,6.71,clear sky,2021-07-11 18:26:46
139,Mehamn,71.0357,27.8492,48.11,76,5,12.26,clear sky,2021-07-11 18:26:46
140,Kerema,-7.9631,145.7785,77.45,92,88,1.5,overcast clouds,2021-07-11 18:26:46
141,Suez,29.9737,32.5263,84.9,48,2,15.35,clear sky,2021-07-11 18:26:47
142,Tasiilaq,65.6145,-37.6368,46.56,98,100,11.79,light rain,2021-07-11 18:24:39
143,San Andres,12.5847,-81.7006,82.42,78,75,17.27,broken clouds,2021-07-11 18:20:12
144,Finspang,58.7058,15.7674,75.11,53,44,3.94,scattered clouds,2021-07-11 18:26:47
145,Phalombe,-15.8064,35.6507,61.27,78,57,3.56,broken clouds,2021-07-11 18:26:47
146,Kirakira,-10.4544,161.9205,78.04,87,71,7.99,broken clouds,2021-07-11 18:26:48
147,Lompoc,34.6391,-120.4579,91.22,66,1,14.97,clear sky,2021-07-11 18:25:48
148,Saint-Francois,46.4154,3.9054,75.67,57,0,8.05,clear sky,2021-07-11 18:26:48
149,San Cristobal,7.7669,-72.225,80.78,56,88,7.23,overcast clouds,2021-07-11 18:23:53
150,Avarua,-21.2078,-159.775,75.25,88,75,9.22,broken clouds,2021-07-11 18:25:51
151,Nome,64.5011,-165.4064,52.16,77,90,6.91,overcast clouds,2021-07-11 18:24:33
152,Chicama,-7.8447,-79.1469,64.94,62,70,8.7,broken clouds,2021-07-11 18:17:15
153,Nushki,29.5542,66.0215,91.49,32,58,5.17,broken clouds,2021-07-11 18:26:49
154,Cabatuan,10.8794,122.486,76.84,89,77,5.23,broken clouds,2021-07-11 18:26:49
155,Teguise,29.0605,-13.564,73.62,83,88,4.61,overcast clouds,2021-07-11 18:26:50
156,Samarai,-10.6167,150.6667,78.53,86,97,11.83,overcast clouds,2021-07-11 18:26:13
157,Kaeo,-35.1,173.7833,55.33,97,100,22.03,overcast clouds,2021-07-11 18:26:51
158,Mahibadhoo,3.7833,72.9667,82.38,79,96,13.71,overcast clouds,2021-07-11 18:24:51
159,Naze,28.3667,129.4833,77.9,85,99,6.96,overcast clouds,2021-07-11 18:26:51
160,Port Macquarie,-31.4333,152.9167,48.38,82,70,4.76,broken clouds,2021-07-11 18:26:52
161,Dharchula,29.85,80.5333,73.24,97,100,1.01,overcast clouds,2021-07-11 18:26:52
162,Gat,31.61,34.7642,82.4,100,0,7.07,clear sky,2021-07-11 18:26:31
163,Umm Lajj,25.0213,37.2685,88.36,51,6,6.2,clear sky,2021-07-11 18:25:37
164,Dehloran,32.6941,47.2679,102.97,7,0,10.45,clear sky,2021-07-11 18:26:52
165,Agirish,61.9247,63.0231,57.22,51,17,2.66,few clouds,2021-07-11 18:26:53
166,Mercedes,-34.6515,-59.4307,64.85,29,2,8.03,clear sky,2021-07-11 18:26:53
167,Cabo San Lucas,22.8909,-109.9124,96.8,55,1,8.05,clear sky,2021-07-11 18:23:26
168,Atar,20.5169,-13.0499,94.35,24,29,14.72,scattered clouds,2021-07-11 18:25:24
169,Sur,22.5667,59.5289,91.35,58,60,7.78,broken clouds,2021-07-11 18:21:18
170,Georgetown,5.4112,100.3354,75.88,94,40,3.44,light rain,2021-07-11 18:19:58
171,Camacha,33.0833,-16.3333,77.76,78,75,12.66,broken clouds,2021-07-11 18:19:43
172,Port Pirie,-33.1833,138.0167,46.49,70,13,8.7,few clouds,2021-07-11 18:26:54
173,Vila Velha,-20.3297,-40.2925,76.95,61,0,10.36,clear sky,2021-07-11 18:26:54
174,Venado,22.9333,-101.0833,66.9,62,100,7.92,overcast clouds,2021-07-11 18:26:55
175,Waipawa,-41.4122,175.5153,36.3,82,100,0.98,overcast clouds,2021-07-11 18:26:55
176,Sitka,57.0531,-135.33,57.09,67,90,3.44,overcast clouds,2021-07-11 18:26:03
177,Hamilton,39.1834,-84.5333,79.25,88,75,1.01,broken clouds,2021-07-11 18:25:24
178,Chakia,26.4167,85.05,82.4,77,97,10.04,overcast clouds,2021-07-11 18:26:55
179,Pandan Niog,6.2282,120.5631,82.53,77,61,4.81,broken clouds,2021-07-11 18:26:56
180,Rapid Valley,44.0625,-103.1463,88.77,33,1,5.99,clear sky,2021-07-11 18:16:59
181,Abha,18.2164,42.5053,73.22,68,20,4.61,few clouds,2021-07-11 18:25:57
182,Teahupoo,-17.8333,-149.2667,69.76,82,70,21.88,light rain,2021-07-11 18:26:57
183,Danilov,58.1908,40.1717,66.06,66,1,4.16,clear sky,2021-07-11 18:26:57
184,Kruisfontein,-34.0033,24.7314,51.89,53,2,3.87,clear sky,2021-07-11 18:19:34
185,Palmer,42.1584,-72.3287,79.97,72,90,6.91,overcast clouds,2021-07-11 18:21:27
186,Rockingham,42.9668,-71.0995,84.83,67,98,1.01,overcast clouds,2021-07-11 18:23:05
187,Jalu,29.0331,21.5482,93.94,31,0,17.27,clear sky,2021-07-11 18:20:12
188,Arraial Do Cabo,-22.9661,-42.0278,78.76,64,0,11.5,clear sky,2021-07-11 18:24:41
189,Kirensk,57.7853,108.1119,55.98,98,100,3.24,overcast clouds,2021-07-11 18:26:58
190,Tazovskiy,67.4667,78.7,45.14,77,71,8.88,broken clouds,2021-07-11 18:26:58
191,Haines Junction,60.7522,-137.5108,51.75,62,100,3.44,overcast clouds,2021-07-11 18:26:59
192,Kandrian,-6.2167,149.55,76.1,91,91,5.12,light rain,2021-07-11 18:26:59
193,Voskresenskoye,56.8381,45.4317,62.83,64,4,4.7,clear sky,2021-07-11 18:26:59
194,Tessalit,20.1986,1.0114,104.25,15,30,11.18,scattered clouds,2021-07-11 18:25:22
195,Esperance,-33.8667,121.9,48.99,80,10,14.16,clear sky,2021-07-11 18:19:35
196,Zirandaro,18.45,-100.9833,87.87,59,66,2.59,broken clouds,2021-07-11 18:27:00
197,Vao,-22.6667,167.4833,70.27,63,0,21.54,clear sky,2021-07-11 18:25:22
198,Geraldton,-28.7667,114.6,57.61,77,99,9.22,overcast clouds,2021-07-11 18:26:01
199,Guerrero Negro,27.9769,-114.0611,77.2,54,56,14.29,broken clouds,2021-07-11 18:24:46
200,Tiksi,71.6872,128.8694,37.09,68,21,3.42,few clouds,2021-07-11 18:26:00
201,Leh,34.1667,77.5833,69.37,31,24,4.76,few clouds,2021-07-11 18:27:01
202,Sao Felix Do Xingu,-6.6447,-51.995,94.82,25,95,3.71,overcast clouds,2021-07-11 18:26:21
203,Ulsteinvik,62.3432,5.8487,66.97,71,53,11.99,broken clouds,2021-07-11 18:27:01
204,Barkly West,-28.5354,24.5215,54.68,24,4,10.36,clear sky,2021-07-11 18:27:01
205,Esmeraldas,-19.7625,-44.3139,78.91,26,0,3.2,clear sky,2021-07-11 18:25:23
206,Taoudenni,22.6783,-3.9836,110.3,14,29,6.76,scattered clouds,2021-07-11 18:27:02
207,Yulara,-25.2406,130.9889,48.04,61,4,5.75,clear sky,2021-07-11 18:24:31
208,Shitanjing,39.2342,106.3439,68.47,67,39,7.52,scattered clouds,2021-07-11 18:27:03
209,Caceres,39.522,-6.3748,90.81,16,50,18.92,scattered clouds,2021-07-11 18:27:03
210,Kalianget,-7.05,113.9333,80.91,79,66,13.38,broken clouds,2021-07-11 18:27:03
211,Koshurnikovo,54.1667,93.3,53.08,88,94,3.6,overcast clouds,2021-07-11 18:27:03
212,Liaozhong,41.5061,122.7242,77.49,91,76,5.97,light rain,2021-07-11 18:27:04
213,Canico,32.6333,-16.85,81.23,66,20,23.02,few clouds,2021-07-11 18:27:04
214,Coos Bay,43.3665,-124.2179,82.85,77,1,23.02,clear sky,2021-07-11 18:27:04
215,Hobyo,5.3505,48.5268,78.06,79,76,25.68,broken clouds,2021-07-11 18:27:05
216,Erdemli,36.605,34.3084,84.52,64,1,7.34,clear sky,2021-07-11 18:27:05
217,Harper,4.375,-7.7169,78.6,71,58,6.04,broken clouds,2021-07-11 18:20:41
218,San Ramon De La Nueva Oran,-23.1322,-64.326,77.43,39,42,5.79,scattered clouds,2021-07-11 18:27:05
219,Sakakah,29.9697,40.2064,101.77,13,2,12.59,clear sky,2021-07-11 18:27:06
220,Pevek,69.7008,170.3133,51.26,70,23,13.22,few clouds,2021-07-11 18:25:46
221,Senneterre,48.3835,-77.2328,70.02,66,85,5.32,overcast clouds,2021-07-11 18:27:06
222,Grindavik,63.8424,-22.4338,58.55,94,90,16.11,overcast clouds,2021-07-11 18:27:06
223,Aurora,39.7294,-104.8319,85.86,36,20,1.01,few clouds,2021-07-11 18:23:01
224,Zelenokumsk,44.4069,43.8806,76.98,29,29,1.54,scattered clouds,2021-07-11 18:27:07
225,Pastavy,55.1168,26.8326,73.62,78,9,6.2,clear sky,2021-07-11 18:27:08
226,Agadir,30.4202,-9.5982,108.05,38,99,6.29,overcast clouds,2021-07-11 18:25:08
227,Ust-Kut,56.7938,105.7672,55.22,96,99,0.96,overcast clouds,2021-07-11 18:27:09
228,Sobolevo,54.4299,31.8996,73.83,71,25,5.32,scattered clouds,2021-07-11 18:24:27
229,Longyearbyen,78.2186,15.6401,44.44,65,40,18.41,scattered clouds,2021-07-11 18:24:49
230,Aleksandrov Gay,50.147,48.5704,77.94,40,0,15.23,clear sky,2021-07-11 18:27:09
231,Cody,44.5263,-109.0565,90.21,15,1,4.61,clear sky,2021-07-11 18:27:09
232,Havre-Saint-Pierre,50.2334,-63.5986,64.76,72,75,11.5,broken clouds,2021-07-11 18:20:21
233,Lake City,30.1897,-82.6393,91.94,55,40,3.44,scattered clouds,2021-07-11 18:27:10
234,Gorontalo,0.5412,123.0595,74.5,96,61,2.04,light rain,2021-07-11 18:27:10
235,Saldanha,-33.0117,17.9442,51.85,81,0,7.67,clear sky,2021-07-11 18:25:05
236,Mala,-12.6581,-76.6308,67.78,69,62,8.57,broken clouds,2021-07-11 18:27:11
237,Gamba,-2.65,10.0,74.5,86,93,7.02,overcast clouds,2021-07-11 18:19:45
238,Coquimbo,-29.9533,-71.3436,55.13,82,90,6.91,overcast clouds,2021-07-11 18:26:36
239,Faanui,-16.4833,-151.75,80.4,75,79,22.64,broken clouds,2021-07-11 18:24:36
240,Daye,30.0833,114.95,82.81,74,100,6.42,overcast clouds,2021-07-11 18:27:11
241,Moree,-29.4667,149.85,44.62,87,40,12.66,scattered clouds,2021-07-11 18:27:12
242,Lufilufi,-13.8745,-171.5986,71.38,77,60,16.26,broken clouds,2021-07-11 18:27:12
243,Avera,33.194,-82.5271,89.91,56,26,10.42,scattered clouds,2021-07-11 18:24:59
244,Tombouctou,20.0,-3.0,104.43,19,39,9.22,scattered clouds,2021-07-11 18:27:12
245,Cocobeach,1.0002,9.5823,80.53,82,64,11.07,light rain,2021-07-11 18:27:10
246,Luderitz,-26.6481,15.1594,56.82,76,25,8.12,scattered clouds,2021-07-11 18:21:06
247,Pachino,36.7186,15.0907,86.04,62,0,1.68,clear sky,2021-07-11 18:27:13
248,Husavik,66.0449,-17.3389,58.91,81,89,8.43,overcast clouds,2021-07-11 18:27:13
249,Ca Mau,9.1769,105.15,77.31,88,96,4.05,overcast clouds,2021-07-11 18:21:07
250,Balasheyka,53.2841,48.0851,63.91,60,66,7.43,broken clouds,2021-07-11 18:27:14
251,Ibra,22.6906,58.5334,89.42,47,54,9.22,broken clouds,2021-07-11 18:27:14
252,Takoradi,4.8845,-1.7554,77.58,75,75,9.15,broken clouds,2021-07-11 18:26:04
253,Petropavlovsk-Kamchatskiy,53.0452,158.6483,50.59,93,0,6.71,clear sky,2021-07-11 18:20:06
254,Sioux Lookout,50.1001,-91.917,73.78,68,90,6.91,smoke,2021-07-11 18:18:48
255,Saint-Augustin,51.226,-58.6502,62.92,72,100,9.95,overcast clouds,2021-07-11 18:27:15
256,Covington,39.0837,-84.5086,79.7,88,75,1.01,broken clouds,2021-07-11 18:27:15
257,Mikkeli,61.6886,27.2723,78.91,50,0,8.05,clear sky,2021-07-11 18:27:16
258,Gilbues,-9.8317,-45.3439,92.75,25,38,5.48,scattered clouds,2021-07-11 18:27:16
259,Hasaki,35.7333,140.8333,68.4,91,56,8.25,broken clouds,2021-07-11 18:19:33
260,Lebu,-37.6167,-73.65,52.16,65,0,14.58,clear sky,2021-07-11 18:24:31
261,Touros,-5.1989,-35.4608,85.1,60,25,16.78,scattered clouds,2021-07-11 18:25:14
262,Lanivtsi,49.8633,26.0908,72.27,67,68,6.55,broken clouds,2021-07-11 18:27:17
263,Poum,-20.2333,164.0167,70.68,67,70,18.43,broken clouds,2021-07-11 18:25:25
264,Yelizovo,53.1873,158.3805,51.94,93,0,6.71,clear sky,2021-07-11 18:27:18
265,Neiafu,-18.65,-173.9833,75.88,94,20,2.3,few clouds,2021-07-11 18:27:18
266,Morondava,-20.2833,44.2833,74.97,81,0,12.53,clear sky,2021-07-11 18:27:19
267,Parkes,-33.1333,148.1833,40.35,84,43,1.01,scattered clouds,2021-07-11 18:27:19
268,Egvekinot,66.3167,-179.1667,49.48,80,71,4.79,broken clouds,2021-07-11 18:27:15
269,Catamarca,-28.4696,-65.7852,71.64,41,100,8.57,overcast clouds,2021-07-11 18:27:20
270,Sao Joao Da Barra,-21.6403,-41.0511,80.69,67,0,10.22,clear sky,2021-07-11 18:24:12
271,Zapolyarnyy,69.4154,30.8136,56.48,63,15,13.65,few clouds,2021-07-11 18:27:20
272,Ust-Shonosha,61.1531,41.343,69.35,68,82,3.67,broken clouds,2021-07-11 18:24:31
273,Lashio,22.9333,97.75,68.9,95,97,1.86,overcast clouds,2021-07-11 18:27:21
274,Barra Patuca,15.8,-84.2833,81.28,82,99,12.93,overcast clouds,2021-07-11 18:27:21
275,Dingle,10.9995,122.6711,77.41,87,89,4.72,overcast clouds,2021-07-11 18:25:00
276,Kahului,20.8947,-156.47,78.96,72,20,12.66,few clouds,2021-07-11 18:25:54
277,Lazaro Cardenas,17.9583,-102.2,84.9,70,90,3.13,overcast clouds,2021-07-11 18:25:09
278,Caravelas,-17.7125,-39.2481,76.06,61,0,7.58,clear sky,2021-07-11 18:26:51
279,Torbay,47.6666,-52.7314,62.28,97,90,6.91,fog,2021-07-11 18:24:34
280,Yelnya,54.5786,33.1837,70.68,86,54,1.99,broken clouds,2021-07-11 18:19:11
281,Cherskiy,68.75,161.3,71.19,56,13,11.88,few clouds,2021-07-11 18:24:56
282,Choix,26.7092,-108.3219,91.54,54,47,5.46,scattered clouds,2021-07-11 18:27:23
283,Le Moule,16.3332,-61.3473,86.04,73,36,20.8,scattered clouds,2021-07-11 18:27:24
284,Wanaka,-44.7,169.15,28.11,99,5,1.01,clear sky,2021-07-11 18:27:24
285,Bethel,41.3712,-73.414,77.09,81,90,6.91,overcast clouds,2021-07-11 18:22:52
286,Vostok,46.4856,135.8833,61.18,95,12,3.89,few clouds,2021-07-11 18:25:06
287,Vila Franca Do Campo,37.7167,-25.4333,70.21,75,77,11.18,broken clouds,2021-07-11 18:24:40
288,Blenheim,-41.516,173.9528,36.41,87,100,1.01,overcast clouds,2021-07-11 18:27:25
289,Flinders,-34.5833,150.8552,48.2,89,99,1.01,overcast clouds,2021-07-11 18:27:25
290,Gradacac,44.8808,18.4269,79.88,60,64,8.43,broken clouds,2021-07-11 18:27:25
291,Tanete,-3.9443,119.7848,73.94,96,100,9.06,overcast clouds,2021-07-11 18:27:26
292,Ostrovnoy,68.0531,39.5131,46.51,71,5,6.6,clear sky,2021-07-11 18:25:38
293,Port Hardy,50.6996,-127.4199,62.78,67,40,11.5,scattered clouds,2021-07-11 18:21:13
294,Bereda,43.2686,-7.5406,64.42,72,97,5.57,overcast clouds,2021-07-11 18:26:13
295,Bertoua,4.5833,13.6833,70.88,90,30,2.1,light rain,2021-07-11 18:27:27
296,Paka,4.6374,103.4368,75.13,94,100,0.0,moderate rain,2021-07-11 18:27:27
297,Ponnani,10.767,75.9252,76.32,87,100,8.52,overcast clouds,2021-07-11 18:27:27
298,Zarand,30.8127,56.564,87.94,10,0,7.36,clear sky,2021-07-11 18:27:27
299,Vanimo,-2.6741,141.3028,76.82,91,43,4.41,scattered clouds,2021-07-11 18:20:25
300,Kavaratti,10.5669,72.642,82.31,80,100,23.51,overcast clouds,2021-07-11 18:20:58
301,Tiarei,-17.5333,-149.3333,75.22,80,54,22.62,light rain,2021-07-11 18:27:07
302,Ugoofaaru,5.6667,73.0,82.31,82,100,15.1,light rain,2021-07-11 18:25:11
303,Dongning,44.0622,131.1207,66.13,94,36,2.66,scattered clouds,2021-07-11 18:27:28
304,Menongue,-14.6585,17.691,58.14,23,0,4.38,clear sky,2021-07-11 18:27:29
305,Hambantota,6.1241,81.1185,79.14,94,20,13.8,few clouds,2021-07-11 18:27:29
306,Waingapu,-9.6567,120.2641,75.33,87,81,10.22,broken clouds,2021-07-11 18:27:29
307,Beaufort,5.3473,115.7455,77.16,97,96,3.09,light rain,2021-07-11 18:23:28
308,Skelleftea,64.7507,20.9528,72.0,59,0,1.01,clear sky,2021-07-11 18:27:30
309,Palafrugell,41.9174,3.1631,86.07,59,34,4.0,scattered clouds,2021-07-11 18:27:30
310,Gayny,60.3071,54.3241,55.08,68,1,3.29,clear sky,2021-07-11 18:19:33
311,Boulder,40.0833,-105.3505,79.47,41,1,5.01,clear sky,2021-07-11 18:26:50
312,Narrabri,-30.3167,149.7833,44.69,81,0,8.05,clear sky,2021-07-11 18:27:31
313,Plettenberg Bay,-34.0527,23.3716,54.39,48,7,3.94,clear sky,2021-07-11 18:20:21
314,Kalashnikovo,57.2824,35.2262,70.74,64,37,6.6,scattered clouds,2021-07-11 18:27:31
315,Sungairaya,0.7,108.9,78.12,84,100,1.83,overcast clouds,2021-07-11 18:27:32
316,Puerto Berrio,6.4916,-74.4033,92.35,47,96,2.86,overcast clouds,2021-07-11 18:27:32
317,Namibe,-15.1961,12.1522,65.43,87,5,8.59,clear sky,2021-07-11 18:24:44
318,Tura,25.5198,90.2201,76.44,85,73,3.18,broken clouds,2021-07-11 18:27:32
319,Hofn,64.2539,-15.2082,55.42,71,90,13.8,overcast clouds,2021-07-11 18:21:29
320,Veraval,20.9,70.3667,83.39,83,100,17.16,overcast clouds,2021-07-11 18:27:33
321,Boyolangu,-8.1181,111.8935,74.21,95,59,0.69,broken clouds,2021-07-11 18:24:36
322,Airai,-8.9266,125.4092,56.08,48,100,3.83,overcast clouds,2021-07-11 18:25:21
323,Ilulissat,69.2167,-51.1,48.22,61,99,5.75,overcast clouds,2021-07-11 18:26:41
324,Warrnambool,-38.3833,142.4833,50.81,63,95,21.99,overcast clouds,2021-07-11 18:27:33
325,San Patricio,28.017,-97.5169,91.38,65,98,15.46,overcast clouds,2021-07-11 18:20:08
326,Hetauda,27.4284,85.0322,81.75,88,100,3.18,overcast clouds,2021-07-11 18:27:34
327,Port-Cartier,50.0334,-66.8654,63.93,56,100,8.75,overcast clouds,2021-07-11 18:25:34
328,Goderich,43.7501,-81.7165,73.56,68,100,8.05,overcast clouds,2021-07-11 18:27:34
329,Mogadishu,2.0371,45.3438,76.68,85,32,18.92,light rain,2021-07-11 18:21:31
330,Sorong,-0.8833,131.25,79.56,82,85,1.32,overcast clouds,2021-07-11 18:26:30
331,Mukhen,48.1,136.1,66.34,90,84,4.83,broken clouds,2021-07-11 18:27:35
332,Brigantine,39.4101,-74.3646,89.33,67,1,8.05,clear sky,2021-07-11 18:27:35
333,Tambura,5.6,27.4667,69.53,87,99,3.67,overcast clouds,2021-07-11 18:27:35
334,Devonport,-41.1667,146.35,52.0,85,100,5.01,overcast clouds,2021-07-11 18:27:36
335,Payyannur,12.1,75.2,76.64,92,100,8.46,overcast clouds,2021-07-11 18:27:36
336,Hella,67.2,14.4333,69.76,90,75,21.85,moderate rain,2021-07-11 18:27:36
337,Balkhash,46.844,74.9804,69.28,59,41,8.46,scattered clouds,2021-07-11 18:27:36
338,Khasan,42.4308,130.6434,66.51,96,11,3.56,few clouds,2021-07-11 18:27:37
339,Ucluelet,48.9329,-125.5528,75.04,91,8,4.52,clear sky,2021-07-11 18:19:42
340,Clyde River,70.4692,-68.5914,47.73,64,32,3.53,scattered clouds,2021-07-11 18:19:35
341,Kargasok,59.0556,80.8572,55.81,70,87,7.58,overcast clouds,2021-07-11 18:26:21
342,Mildura,-34.2,142.15,51.76,50,90,9.22,light rain,2021-07-11 18:19:25
343,Nishihara,26.1842,127.7558,81.68,92,40,4.61,scattered clouds,2021-07-11 18:26:36
344,Adre,13.4667,22.2,92.75,24,75,3.0,broken clouds,2021-07-11 18:27:37
345,Arbazh,57.6804,48.3065,60.17,70,0,5.91,clear sky,2021-07-11 18:27:38
346,Nykoping,58.753,17.0079,75.43,56,0,8.05,clear sky,2021-07-11 18:27:38
347,Nivala,63.9167,24.9667,69.69,80,71,4.74,broken clouds,2021-07-11 18:27:38
348,Nkowakowa,-23.8878,30.2871,59.05,39,0,2.68,clear sky,2021-07-11 18:27:39
349,Ormond Beach,29.2858,-81.0559,91.11,69,40,0.0,thunderstorm,2021-07-11 18:26:33
350,Ayan,56.45,138.1667,53.94,95,100,4.92,overcast clouds,2021-07-11 18:20:37
351,Kalmunai,7.4167,81.8167,81.18,69,98,4.34,overcast clouds,2021-07-11 18:21:25
352,Buritis,-15.6178,-46.4233,84.34,20,4,2.35,clear sky,2021-07-11 18:26:32
353,Norman Wells,65.282,-126.8329,66.24,48,75,4.61,broken clouds,2021-07-11 18:26:14
354,Rawson,-43.3002,-65.1023,52.23,48,100,11.9,overcast clouds,2021-07-11 18:27:40
355,Fortuna,40.5982,-124.1573,80.42,100,90,12.66,overcast clouds,2021-07-11 18:27:40
356,Kulhudhuffushi,6.6221,73.07,81.91,82,100,16.46,overcast clouds,2021-07-11 18:20:20
357,Hualmay,-11.0964,-77.6139,68.54,70,54,7.7,broken clouds,2021-07-11 18:20:29
358,Shelburne,44.0787,-80.2041,70.59,73,100,7.99,overcast clouds,2021-07-11 18:27:41
359,Mitsamiouli,-11.3847,43.2844,77.7,71,3,7.43,clear sky,2021-07-11 18:27:41
360,Kenosha,42.5667,-88.0501,73.33,67,75,13.8,broken clouds,2021-07-11 18:27:41
361,Simao,22.7886,100.9748,64.72,95,92,1.79,overcast clouds,2021-07-11 18:27:42
362,Te Anau,-45.4167,167.7167,31.51,92,50,0.51,light snow,2021-07-11 18:27:07
363,Albanel,48.8832,-72.4487,67.98,68,100,6.91,overcast clouds,2021-07-11 18:27:42
364,Namatanai,-3.6667,152.4333,78.44,83,33,7.05,light rain,2021-07-11 18:27:42
365,Motygino,58.1831,94.7592,58.77,73,94,0.43,overcast clouds,2021-07-11 18:27:43
366,Berlevag,70.8578,29.0864,48.15,81,0,20.71,clear sky,2021-07-11 18:20:46
367,Oranjemund,-28.55,16.4333,54.3,77,12,4.81,few clouds,2021-07-11 18:25:07
368,Minador Do Negrao,-9.3053,-36.8647,77.45,69,77,10.83,broken clouds,2021-07-11 18:27:43
369,Najran,17.4924,44.1277,93.85,12,44,4.16,scattered clouds,2021-07-11 18:27:43
370,Thunder Bay,48.4001,-89.3168,84.99,60,20,10.36,few clouds,2021-07-11 18:26:03
371,Teya,60.3778,92.6267,57.27,96,100,3.29,overcast clouds,2021-07-11 18:27:44
372,Kidal,18.4411,1.4078,104.72,13,48,9.69,scattered clouds,2021-07-11 18:27:44
373,Belaya Gora,68.5333,146.4167,57.22,89,99,17.52,light rain,2021-07-11 18:27:31
374,Maragogi,-9.0122,-35.2225,79.23,71,15,8.57,few clouds,2021-07-11 18:27:45
375,Hovd,48.0056,91.6419,66.88,43,59,10.89,broken clouds,2021-07-11 18:27:08
376,Adrar,20.5022,-10.0711,100.8,21,43,11.97,scattered clouds,2021-07-11 18:20:24
377,Sotouboua,8.5667,0.9833,77.04,87,76,3.18,moderate rain,2021-07-11 18:27:45
378,Ust-Omchug,61.15,149.6333,53.69,92,100,4.23,overcast clouds,2021-07-11 18:27:46
379,Camacupa,-12.0167,17.4833,61.43,25,0,2.66,clear sky,2021-07-11 18:27:46
380,Salalah,17.0151,54.0924,82.49,83,75,6.91,broken clouds,2021-07-11 18:26:18
381,Ranong,9.9658,98.6348,78.19,86,100,8.03,overcast clouds,2021-07-11 18:27:46
382,Tarko-Sale,64.9225,77.785,50.85,55,73,8.3,broken clouds,2021-07-11 18:27:47
383,Ilinskiy,55.619,38.1182,81.18,41,0,4.47,clear sky,2021-07-11 18:27:47
384,Calama,-22.4667,-68.9333,72.09,5,90,5.75,overcast clouds,2021-07-11 18:27:12
385,Tuatapere,-46.1333,167.6833,37.62,89,74,5.03,broken clouds,2021-07-11 18:26:24
386,Pangnirtung,66.1451,-65.7125,59.0,55,20,17.27,few clouds,2021-07-11 18:24:53
387,Shingu,33.7333,135.9833,76.91,86,72,4.16,broken clouds,2021-07-11 18:27:23
388,Andenes,69.3143,16.1194,65.46,87,99,8.05,overcast clouds,2021-07-11 18:20:23
389,Pindiga,9.9833,10.9333,80.69,64,89,9.44,overcast clouds,2021-07-11 18:27:48
390,Nanortalik,60.1432,-45.2371,42.12,98,100,8.03,light rain,2021-07-11 18:25:08
391,Constitucion,-35.3333,-72.4167,55.31,53,98,9.95,overcast clouds,2021-07-11 18:25:40
392,Kondinskoye,59.6481,67.41,51.89,73,86,4.0,overcast clouds,2021-07-11 18:19:59
393,Lake Havasu City,34.4839,-114.3224,107.24,24,1,4.0,clear sky,2021-07-11 18:25:07
394,Nemuro,43.3236,145.575,58.8,98,98,8.66,overcast clouds,2021-07-11 18:26:31
395,Gold Coast,-28.0,153.4333,55.47,83,11,8.05,few clouds,2021-07-11 18:23:20
396,Primo Tapia,32.22,-116.9172,86.54,58,33,8.05,scattered clouds,2021-07-11 18:27:49
397,Moindou,-21.6924,165.677,60.75,73,19,3.74,few clouds,2021-07-11 18:27:49
398,Cerritos,33.8583,-118.0648,98.87,63,40,4.0,scattered clouds,2021-07-11 18:26:37
399,Yar-Sale,66.8333,70.8333,48.99,58,96,11.27,overcast clouds,2021-07-11 18:20:03
400,Takhtamygda,54.1,123.5667,52.79,76,38,2.42,scattered clouds,2021-07-11 18:27:49
401,Khandyga,62.6667,135.6,48.78,95,91,5.61,overcast clouds,2021-07-11 18:27:50
402,Krusa,54.851,9.4013,71.69,72,85,7.87,overcast clouds,2021-07-11 18:27:50
403,Fare,-16.7,-151.0167,79.77,77,55,22.32,light rain,2021-07-11 18:27:51
404,San Jose,37.3394,-121.895,94.26,41,0,4.36,clear sky,2021-07-11 18:27:04
405,Whitehaven,54.549,-3.5841,68.18,88,100,2.44,overcast clouds,2021-07-11 18:27:51
406,Berdigestyakh,62.0989,126.6992,54.12,53,75,3.6,broken clouds,2021-07-11 18:27:51
407,Miracema Do Tocantins,-9.5618,-48.3967,96.03,23,20,3.98,few clouds,2021-07-11 18:27:52
408,Mpika,-11.8343,31.4529,50.85,89,41,1.23,scattered clouds,2021-07-11 18:27:52
409,Bicester,51.9,-1.1536,66.15,85,75,1.01,light rain,2021-07-11 18:25:54
410,Chokurdakh,70.6333,147.9167,46.67,92,100,17.52,light rain,2021-07-11 18:25:17
411,Calvinia,-31.4707,19.776,50.67,34,1,4.38,clear sky,2021-07-11 18:25:37
412,Mazagao,-0.115,-51.2894,91.45,57,74,6.67,broken clouds,2021-07-11 18:27:53
413,Fukue,32.6881,128.8419,78.91,86,99,12.91,overcast clouds,2021-07-11 18:27:53
414,Bilma,18.6853,12.9164,88.29,41,14,19.39,few clouds,2021-07-11 18:27:53
415,Longjiang,47.3303,123.1836,71.8,85,83,0.54,broken clouds,2021-07-11 18:27:53
416,Vrangel,42.7297,133.0839,64.29,96,13,5.41,few clouds,2021-07-11 18:26:17
417,Miandoab,36.9694,46.1027,79.18,28,2,3.91,clear sky,2021-07-11 18:27:54
418,Redlands,34.0556,-117.1825,111.45,29,40,3.44,scattered clouds,2021-07-11 18:27:53
419,Leningradskiy,69.3833,178.4167,50.86,80,85,9.6,overcast clouds,2021-07-11 18:24:58
420,Kearney,40.6995,-99.0815,76.15,50,40,8.05,scattered clouds,2021-07-11 18:27:54
421,Tuburan,6.6439,122.2736,77.09,77,34,3.78,scattered clouds,2021-07-11 18:27:55
422,Baruun-Urt,46.6806,113.2792,67.69,83,97,4.52,overcast clouds,2021-07-11 18:21:13
423,Vitoria,-20.3194,-40.3378,76.86,61,0,10.36,clear sky,2021-07-11 18:27:55
424,Port-Gentil,-0.7193,8.7815,78.76,83,40,9.22,scattered clouds,2021-07-11 18:25:23
425,Foumbot,5.5079,10.6356,66.34,94,76,1.72,light rain,2021-07-11 18:27:56
426,Malpura,26.2833,75.3833,91.33,54,91,11.14,overcast clouds,2021-07-11 18:27:56
427,Henties Bay,-22.116,14.2845,56.86,83,0,4.5,clear sky,2021-07-11 18:25:15
428,Mumford,5.2618,-0.759,77.54,78,43,10.65,scattered clouds,2021-07-11 18:27:03
429,Owando,-0.4819,15.8999,81.79,50,86,2.91,overcast clouds,2021-07-11 18:27:56
430,Valparaiso,-33.0393,-71.6273,56.84,76,0,6.91,haze,2021-07-11 18:27:57
431,Gornopravdinsk,60.05,69.9,49.5,70,71,4.23,broken clouds,2021-07-11 18:27:57
432,Lokosovo,61.1333,74.8167,50.58,66,95,4.23,overcast clouds,2021-07-11 18:25:11
433,Gimli,50.6336,-96.9907,94.42,29,42,10.36,scattered clouds,2021-07-11 18:27:57
434,Waitati,-45.75,170.5667,42.8,60,58,6.24,broken clouds,2021-07-11 18:27:58
435,Sivaganga,9.8667,78.4833,80.65,68,98,5.41,overcast clouds,2021-07-11 18:27:58
436,Sarkand,45.41,79.9186,64.44,66,70,4.59,broken clouds,2021-07-11 18:27:58
437,Yaan,7.3833,8.5667,78.76,78,81,6.69,broken clouds,2021-07-11 18:27:59
438,Sisimiut,66.9395,-53.6735,47.61,60,100,5.7,overcast clouds,2021-07-11 18:21:02
439,Buraydah,26.326,43.975,104.45,7,25,8.57,scattered clouds,2021-07-11 18:20:36
440,Anda,46.4,125.3167,75.9,74,100,7.72,overcast clouds,2021-07-11 18:27:59
441,Santiago Del Estero,-27.7951,-64.2615,66.81,45,100,7.47,overcast clouds,2021-07-11 18:27:32
442,Korla,41.7597,86.1469,80.02,34,72,20.04,broken clouds,2021-07-11 18:27:02
443,Likasi,-10.9814,26.7333,59.59,45,3,3.67,clear sky,2021-07-11 18:28:00
444,Fort-Shevchenko,44.5086,50.263,80.02,51,0,7.18,clear sky,2021-07-11 18:28:00
445,Kitob,39.0843,66.8332,79.38,33,85,1.28,overcast clouds,2021-07-11 18:28:00
446,Acapulco,16.8634,-99.8901,87.62,70,20,9.22,few clouds,2021-07-11 18:27:24
447,Udachnyy,66.4167,112.4,44.42,87,100,5.41,overcast clouds,2021-07-11 18:24:15
448,Tromso,69.6496,18.957,72.25,71,0,17.27,clear sky,2021-07-11 18:23:20
449,Toowoomba,-27.55,151.9667,44.83,90,0,2.26,clear sky,2021-07-11 18:27:47
450,Panalingaan,8.7842,117.4231,78.22,88,69,3.69,broken clouds,2021-07-11 18:28:01
451,Guanica,17.9716,-66.908,87.98,75,83,13.0,broken clouds,2021-07-11 18:28:01
452,Lagoa,39.05,-27.9833,66.85,69,98,15.66,overcast clouds,2021-07-11 18:25:21
453,Gizo,-8.103,156.8419,81.03,79,98,6.73,overcast clouds,2021-07-11 18:27:35
454,Sovetskiy,61.3614,63.5842,54.9,53,6,0.45,clear sky,2021-07-11 18:28:02
455,Marzuq,14.4,46.4667,79.72,64,69,6.2,broken clouds,2021-07-11 18:20:36
456,Wennigsen,52.274,9.5729,74.55,80,92,2.24,overcast clouds,2021-07-11 18:28:02
457,Finnsnes,69.2296,17.9811,72.21,65,91,3.56,overcast clouds,2021-07-11 18:28:03
458,Yemtsa,63.0734,40.3329,67.64,84,58,4.32,broken clouds,2021-07-11 18:28:03
459,Biak,-0.9131,122.8766,74.19,87,84,5.66,moderate rain,2021-07-11 18:21:08
460,Nouakchott,18.0858,-15.9785,76.93,75,59,11.92,broken clouds,2021-07-11 18:28:03
461,Nizwa,22.9333,57.5333,96.37,35,78,5.97,broken clouds,2021-07-11 18:20:31
462,Richards Bay,-28.783,32.0377,66.7,82,0,10.49,clear sky,2021-07-11 18:28:04
463,Isla Vista,34.4133,-119.861,105.12,59,40,9.22,haze,2021-07-11 18:28:04
464,Eyl,7.9803,49.8164,79.27,71,87,23.26,overcast clouds,2021-07-11 18:28:04
465,Manggar,-2.8833,108.2667,80.13,83,70,5.95,broken clouds,2021-07-11 18:28:05
466,Pacific Grove,36.6177,-121.9166,90.81,75,8,10.22,clear sky,2021-07-11 18:18:07
467,Sao Jose Da Coroa Grande,-8.8978,-35.1478,79.57,69,10,8.66,clear sky,2021-07-11 18:25:09
468,Sumter,28.7086,-82.0831,92.25,66,95,5.88,overcast clouds,2021-07-11 18:28:05
469,Quelimane,-17.8786,36.8883,68.23,82,0,4.94,clear sky,2021-07-11 18:28:05
470,Martos,37.7211,-3.9726,96.67,13,65,22.64,broken clouds,2021-07-11 18:28:06
471,Karratha,-20.7377,116.8463,68.56,75,45,1.16,scattered clouds,2021-07-11 18:28:06
472,Ati,13.2154,18.3353,99.43,23,31,5.68,scattered clouds,2021-07-11 18:28:06
473,Svetlogorsk,52.6333,29.7333,73.6,64,23,5.44,few clouds,2021-07-11 18:28:06
474,Tiznit,29.5833,-9.5,86.18,40,98,6.06,overcast clouds,2021-07-11 18:28:07
475,Coihueco,-36.6167,-71.8333,48.94,71,0,5.75,clear sky,2021-07-11 18:28:07
476,Mount Darwin,-16.7725,31.5838,63.12,51,44,3.18,scattered clouds,2021-07-11 18:28:07
477,Kloulklubed,7.0419,134.2556,79.3,77,100,6.87,light rain,2021-07-11 18:28:08
478,Buala,-8.145,159.5921,79.34,81,93,8.57,overcast clouds,2021-07-11 18:20:27
479,Oia,40.5426,-8.5386,66.45,76,13,13.6,few clouds,2021-07-11 18:28:08
480,Agua Dulce,18.1333,-94.1333,87.58,55,73,10.58,broken clouds,2021-07-11 18:28:08
481,Oussouye,12.485,-16.5469,89.78,65,100,9.86,overcast clouds,2021-07-11 18:28:09
482,Jingdezhen,29.2947,117.2079,77.99,79,100,2.26,overcast clouds,2021-07-11 18:28:09
483,Okhotsk,59.3833,143.3,52.83,95,100,5.75,light rain,2021-07-11 18:25:10
484,Merauke,-8.4667,140.3333,76.96,90,74,14.25,broken clouds,2021-07-11 18:25:06
485,Kiboga,0.9161,31.7742,67.82,66,100,2.68,overcast clouds,2021-07-11 18:28:09
486,Pishin,30.5803,66.9961,84.36,38,36,2.91,scattered clouds,2021-07-11 18:28:10
487,Teknaf,20.8624,92.3058,81.07,88,97,4.45,overcast clouds,2021-07-11 18:28:10
488,Berezovyy,51.6667,135.7,66.58,99,95,1.68,overcast clouds,2021-07-11 18:28:10
489,Shemursha,54.8866,47.5189,61.0,68,41,7.83,scattered clouds,2021-07-11 18:28:11
490,Moranbah,-22.0016,148.0466,49.37,84,0,8.12,clear sky,2021-07-11 18:26:41
491,Shimoda,34.6667,138.95,74.1,92,32,4.34,scattered clouds,2021-07-11 18:19:48
492,Aklavik,68.2191,-135.0107,65.12,77,40,6.91,scattered clouds,2021-07-11 18:25:46
493,Bubaque,11.2833,-15.8333,80.37,78,94,12.28,overcast clouds,2021-07-11 18:20:07
494,Rio Grande,-32.035,-52.0986,64.51,64,0,5.91,clear sky,2021-07-11 18:24:19
495,Luorong,24.4058,109.6086,79.0,83,96,3.69,overcast clouds,2021-07-11 18:28:12
496,Bundaberg,-24.85,152.35,57.22,88,40,5.01,scattered clouds,2021-07-11 18:28:12
497,Shar,49.5886,81.0453,68.04,66,78,5.61,broken clouds,2021-07-11 18:28:12
498,Masuguru,-11.3667,38.4167,74.21,61,98,2.64,overcast clouds,2021-07-11 18:28:12
499,Puerto Escondido,15.85,-97.0667,88.63,62,40,11.5,scattered clouds,2021-07-11 18:28:13
500,Makakilo City,21.3469,-158.0858,79.12,61,1,9.22,clear sky,2021-07-11 18:27:22
501,Saint-Denis,48.9167,2.3333,74.93,58,0,1.01,clear sky,2021-07-11 18:19:31
502,Katsuura,35.1333,140.3,74.1,94,31,6.15,scattered clouds,2021-07-11 18:19:23
503,Paamiut,61.994,-49.6678,43.59,94,100,8.25,overcast clouds,2021-07-11 18:21:29
504,Isabela,6.7085,121.9711,77.05,88,42,2.24,scattered clouds,2021-07-11 18:28:13
505,Prijepolje,43.3719,19.6406,76.28,98,96,3.89,overcast clouds,2021-07-11 18:28:14
506,Martapura,-3.4167,114.85,77.09,88,75,3.44,broken clouds,2021-07-11 18:25:12
507,Hanchuan,30.65,113.7667,89.71,73,100,10.67,light rain,2021-07-11 18:28:14
508,Natal,-5.795,-35.2094,86.22,54,20,18.41,few clouds,2021-07-11 18:25:27
509,Sanchor,24.7553,71.7722,81.23,79,100,7.81,very heavy rain,2021-07-11 18:28:15
510,Toyoshina,36.2999,137.9011,67.3,88,42,3.4,scattered clouds,2021-07-11 18:28:15
511,Naifaru,5.4444,73.3657,82.06,81,100,14.88,overcast clouds,2021-07-11 18:28:15
512,Neuquen,-38.9516,-68.0591,57.09,30,0,9.22,clear sky,2021-07-11 18:28:15
513,Caxias,38.7031,-9.2767,75.45,69,20,5.01,few clouds,2021-07-11 18:28:16
514,Awjilah,29.1081,21.2869,92.5,32,0,18.43,clear sky,2021-07-11 18:28:16
515,Ossora,59.2353,163.0719,60.57,66,98,0.27,overcast clouds,2021-07-11 18:24:26
516,Uthal,25.8072,66.6219,85.39,73,52,5.46,broken clouds,2021-07-11 18:28:16
517,Ambon,-3.6954,128.1814,75.34,94,40,5.75,scattered clouds,2021-07-11 18:20:22
518,Tucupita,9.0622,-62.051,87.51,59,91,6.64,overcast clouds,2021-07-11 18:28:17
519,Anloga,5.7947,0.8973,79.02,77,36,12.88,scattered clouds,2021-07-11 18:28:17
520,Elko,41.0002,-115.5012,93.63,8,9,4.0,clear sky,2021-07-11 18:28:18
521,Deputatskiy,69.3,139.9,42.57,91,100,7.27,light rain,2021-07-11 18:19:22
522,Rocha,-34.4833,-54.3333,59.22,42,0,4.23,clear sky,2021-07-11 18:24:41
523,Nakhon Phanom,17.3333,104.4167,77.04,88,12,3.62,few clouds,2021-07-11 18:28:18
524,Suntar,62.1444,117.6319,52.05,84,81,3.94,broken clouds,2021-07-11 18:25:35
525,Garden City,42.3256,-83.331,68.25,92,90,10.36,light rain,2021-07-11 18:26:15
526,Katangli,51.7102,143.2326,55.53,99,51,1.88,broken clouds,2021-07-11 18:28:19
527,Antofagasta,-23.65,-70.4,61.88,67,72,6.02,broken clouds,2021-07-11 18:28:19
528,Kavieng,-2.5744,150.7967,81.61,78,68,14.36,moderate rain,2021-07-11 18:26:19
529,Bam,29.106,58.357,96.96,7,60,5.3,broken clouds,2021-07-11 18:28:19
530,Atagay,55.1033,99.3875,57.4,79,88,3.22,overcast clouds,2021-07-11 18:28:20
531,Urubicha,-15.3833,-62.95,92.1,23,39,3.98,scattered clouds,2021-07-11 18:28:20
532,Kasongo,-4.45,26.6667,76.26,28,7,4.14,clear sky,2021-07-11 18:28:20
533,Marseille,43.3333,5.5,80.65,41,17,7.0,few clouds,2021-07-11 18:28:21
534,Yinchuan,38.4681,106.2731,74.5,53,19,2.77,few clouds,2021-07-11 18:28:21
535,Walvis Bay,-22.9575,14.5053,57.09,82,2,5.75,clear sky,2021-07-11 18:28:21
536,Merke,42.8728,73.1786,71.49,43,52,6.6,broken clouds,2021-07-11 18:28:22
537,Safaga,26.7292,33.9365,89.1,41,6,5.84,clear sky,2021-07-11 18:28:22
538,Kushiro,42.975,144.3747,60.69,99,100,4.81,overcast clouds,2021-07-11 18:28:22
539,Kokstad,-30.5472,29.4241,51.85,37,0,4.29,clear sky,2021-07-11 18:28:23
540,Ust-Uda,54.1742,103.0304,54.18,86,21,2.42,few clouds,2021-07-11 18:28:23
541,Xuddur,4.1213,43.8894,78.04,51,77,18.54,broken clouds,2021-07-11 18:28:23
542,Lodja,-3.4833,23.4333,76.87,28,58,2.24,broken clouds,2021-07-11 18:28:24
543,Portland,45.5234,-122.6762,77.22,63,20,1.99,few clouds,2021-07-11 18:26:32
544,Iqaluit,63.7506,-68.5145,58.73,51,75,13.8,broken clouds,2021-07-11 18:28:24
545,Quatre Cocos,-20.2078,57.7625,71.1,61,85,18.5,overcast clouds,2021-07-11 18:24:23
546,Timra,62.487,17.3257,76.68,47,89,6.91,overcast clouds,2021-07-11 18:28:24
547,Port Moresby,-9.4431,147.1797,74.62,100,40,3.44,scattered clouds,2021-07-11 18:28:25
548,Pozo Colorado,-23.4923,-58.7972,92.01,19,19,10.65,few clouds,2021-07-11 18:28:25
549,Nador,35.174,-2.9287,84.27,78,20,9.22,few clouds,2021-07-11 18:23:31
550,Uglekamensk,43.2172,133.2303,63.48,99,43,0.49,scattered clouds,2021-07-11 18:28:25
551,Maraa,-1.8333,-65.3667,80.83,79,98,2.53,overcast clouds,2021-07-11 18:28:26
552,Rafsanjan,30.4067,55.9939,94.19,8,2,13.02,clear sky,2021-07-11 18:26:13
553,Ketchikan,55.3422,-131.6461,59.47,94,90,9.22,light rain,2021-07-11 18:28:26
554,Atherton,53.5237,-2.4935,70.72,74,100,4.0,overcast clouds,2021-07-11 18:28:26
555,Cosenza,39.31,16.2502,76.12,79,0,4.14,clear sky,2021-07-11 18:28:27
556,Greenville,35.6127,-77.3663,86.95,94,90,10.36,heavy intensity rain,2021-07-11 18:25:39
557,Dwarka,22.2394,68.9678,84.24,77,100,14.63,heavy intensity rain,2021-07-11 18:28:27
558,Parakou,9.3372,2.6303,79.07,71,89,4.59,light rain,2021-07-11 18:28:27
559,Mahajanga,-15.7167,46.3167,77.02,50,20,10.36,few clouds,2021-07-11 18:28:28
560,Nelson Bay,-32.7167,152.15,49.95,96,52,2.89,broken clouds,2021-07-11 18:28:28
561,Ishinomaki,38.4167,141.3,70.12,96,99,2.39,overcast clouds,2021-07-11 18:28:28
562,Boden,65.8252,21.6886,68.0,70,55,7.58,broken clouds,2021-07-11 18:28:29
563,Soure,-0.7167,-48.5233,83.1,73,94,10.94,overcast clouds,2021-07-11 18:28:29
564,Ha Giang,22.8333,104.9833,78.96,90,100,1.9,overcast clouds,2021-07-11 18:24:52
565,Linxi,39.7,118.4333,73.04,94,100,6.31,very heavy rain,2021-07-11 18:28:29
566,Shadegan,30.6497,48.6647,102.15,6,0,12.73,clear sky,2021-07-11 18:28:30
567,Mandalgovi,45.7625,106.2708,69.8,58,100,11.1,overcast clouds,2021-07-11 18:28:30
568,Dunedin,-45.8742,170.5036,42.8,60,81,5.99,broken clouds,2021-07-11 18:26:31
569,Ourossogui,15.6064,-13.3211,102.2,37,75,2.3,broken clouds,2021-07-11 18:28:30
570,Nayudupeta,13.9,79.9,80.47,75,100,4.72,overcast clouds,2021-07-11 18:28:31
571,Boa Vista,2.8197,-60.6733,76.98,83,40,6.91,light intensity shower rain,2021-07-11 18:28:31
572,Tongliao,43.6125,122.2653,73.71,84,91,12.1,overcast clouds,2021-07-11 18:28:31
573,Bellary,15.15,76.9333,75.2,82,100,16.13,overcast clouds,2021-07-11 18:28:32
574,Bilibino,68.0546,166.4372,74.16,54,30,4.52,scattered clouds,2021-07-11 18:28:32
575,Kununurra,-15.7667,128.7333,69.94,30,69,5.1,broken clouds,2021-07-11 18:28:32
576,Casas Grandes,30.3667,-107.95,87.44,39,51,12.8,broken clouds,2021-07-11 18:28:33
577,Livingston,55.9029,-3.5226,68.68,93,0,6.91,clear sky,2021-07-11 18:28:33
578,Ellisras,-23.6649,27.7443,58.41,36,0,3.62,clear sky,2021-07-11 18:28:33
579,Margate,51.3813,1.3862,66.06,75,100,3.0,overcast clouds,2021-07-11 18:28:33
580,Moussoro,13.6408,16.4901,94.87,31,48,13.47,scattered clouds,2021-07-11 18:28:34
581,Stornoway,58.2093,-6.3865,62.92,88,90,10.36,overcast clouds,2021-07-11 18:28:34
582,Rovaniemi,66.5,25.7167,67.41,94,99,10.36,shower rain,2021-07-11 18:28:34
583,Houma,29.5958,-90.7195,91.4,65,89,8.99,overcast clouds,2021-07-11 18:28:35
584,Albury,-36.0833,146.9167,40.14,93,100,0.0,overcast clouds,2021-07-11 18:28:35
585,Terekli-Mekteb,44.1671,45.8698,82.4,30,0,12.17,clear sky,2021-07-11 18:28:35
586,Salvador,13.8333,-88.9167,84.6,68,87,2.57,overcast clouds,2021-07-11 18:24:34
587,Dukat,62.55,155.55,49.39,89,59,9.08,broken clouds,2021-07-11 18:28:36
588,Colesberg,-30.72,25.0972,53.2,28,1,7.54,clear sky,2021-07-11 18:28:36
589,Yima,34.7381,111.8839,73.83,88,2,4.99,clear sky,2021-07-11 18:28:36
590,Kjollefjord,70.9457,27.3465,47.98,68,6,10.6,clear sky,2021-07-11 18:28:37
591,Dayong,25.0209,118.2898,82.08,91,100,2.44,overcast clouds,2021-07-11 18:28:37
592,Roma,43.2128,-75.4557,74.91,79,1,5.75,light rain,2021-07-11 18:26:12
593,Denpasar,-8.65,115.2167,80.26,89,40,8.05,scattered clouds,2021-07-11 18:25:42
594,Potsdam,52.3989,13.0657,78.35,58,100,7.96,overcast clouds,2021-07-11 18:28:38
595,Opuwo,-18.0607,13.84,63.34,24,5,3.11,clear sky,2021-07-11 18:28:38
596,Marsaxlokk,35.8419,14.5431,81.21,65,0,6.91,clear sky,2021-07-11 18:28:38
597,Birobidzhan,48.8,132.95,66.96,93,47,3.6,heavy intensity rain,2021-07-11 18:28:38
598,Oyama,36.3,139.8,76.59,92,36,2.28,scattered clouds,2021-07-11 18:28:39
599,Seymchan,62.8833,152.4333,60.8,73,4,12.57,clear sky,2021-07-11 18:28:39
600,Laguna,38.421,-121.4238,111.43,26,1,8.05,clear sky,2021-07-11 18:28:39
601,Miandrivazo,-19.5167,45.4667,70.75,55,0,2.68,clear sky,2021-07-11 18:28:40
602,Beni,0.5,29.4667,64.44,94,87,0.89,light rain,2021-07-11 18:28:40
603,Lleida,41.6167,0.6167,88.68,45,20,9.22,few clouds,2021-07-11 18:28:40
604,Roald,62.5833,6.1333,69.17,77,40,14.97,scattered clouds,2021-07-11 18:28:41
605,Puri,19.8,85.85,85.37,83,85,12.68,overcast clouds,2021-07-11 18:28:41
606,Honningsvag,70.9821,25.9704,49.93,79,9,16.51,clear sky,2021-07-11 18:28:41
607,Palana,59.1167,159.9667,49.08,75,69,1.72,broken clouds,2021-07-11 18:28:41
608,Tsiroanomandidy,-18.7667,46.0333,61.43,52,0,3.47,clear sky,2021-07-11 18:28:42
609,Williston,48.147,-103.618,94.57,33,0,4.0,clear sky,2021-07-11 18:26:04
610,Chatra,24.2167,84.8667,78.78,85,95,6.85,overcast clouds,2021-07-11 18:28:42
611,Woodward,36.4337,-99.3904,83.43,46,40,17.27,scattered clouds,2021-07-11 18:28:43
612,Kazanskaya,45.4106,40.4361,74.39,56,0,1.07,clear sky,2021-07-11 18:28:43
613,Anchorage,61.2181,-149.9003,59.74,79,40,4.0,light rain,2021-07-11 18:26:15
614,Hami,42.8,93.45,87.37,29,95,13.4,overcast clouds,2021-07-11 18:28:43
615,Balud,10.1476,123.6953,80.56,81,89,4.61,overcast clouds,2021-07-11 18:28:44
616,Placerville,38.7296,-120.7986,106.54,17,1,4.0,clear sky,2021-07-11 18:28:44
617,Bonavista,48.6499,-53.1147,64.4,92,100,10.94,overcast clouds,2021-07-11 18:28:44
618,Lingdong,46.5669,131.1453,67.8,92,70,5.19,broken clouds,2021-07-11 18:28:45
619,Aktau,43.65,51.2,77.58,52,0,9.31,clear sky,2021-07-11 18:28:45
620,Fairbanks,64.8378,-147.7164,63.23,53,20,0.0,few clouds,2021-07-11 18:25:11
621,Khorramshahr,30.4397,48.1664,100.36,16,0,6.91,clear sky,2021-07-11 18:28:45
622,Izumo,35.3667,132.7667,76.95,92,100,5.79,overcast clouds,2021-07-11 18:28:46
623,Jacareacanga,-6.2222,-57.7528,96.96,24,58,4.18,broken clouds,2021-07-11 18:28:46
624,Sao Miguel Do Araguaia,-13.275,-50.1628,92.79,18,7,3.51,clear sky,2021-07-11 18:28:46
625,Houston,29.7633,-95.3633,93.99,68,20,4.0,few clouds,2021-07-11 18:28:15
626,Ljungby,56.8332,13.9408,68.41,58,68,5.86,broken clouds,2021-07-11 18:28:47
627,Ochakiv,46.6128,31.5498,75.34,61,64,10.83,broken clouds,2021-07-11 18:28:47
628,Kamagaya,35.7588,139.9978,74.82,90,20,3.44,fog,2021-07-11 18:28:47
629,Noshiro,40.2039,140.0242,69.1,97,100,6.82,overcast clouds,2021-07-11 18:28:48
630,Skowhegan,44.7651,-69.7192,83.62,63,100,4.9,overcast clouds,2021-07-11 18:28:49
631,Bayanday,53.0661,105.5139,55.09,92,81,1.43,broken clouds,2021-07-11 18:28:50
632,Katobu,-4.9408,122.5276,74.03,89,60,3.71,broken clouds,2021-07-11 18:28:50
633,Meulaboh,4.1363,96.1285,74.32,90,100,6.89,overcast clouds,2021-07-11 18:27:18
634,La Sarre,48.8002,-79.1996,69.28,63,94,4.41,overcast clouds,2021-07-11 18:28:50
635,Vestmanna,62.1564,-7.1664,52.72,100,75,10.36,broken clouds,2021-07-11 18:28:51
636,Winneba,5.3511,-0.6231,79.27,77,43,10.6,scattered clouds,2021-07-11 18:28:51
637,Bethanien,-26.502,17.1583,62.1,25,6,11.92,clear sky,2021-07-11 18:28:52
638,Corinto,37.9407,22.9573,87.84,34,2,4.63,clear sky,2021-07-11 18:27:37
639,Laredo,27.5064,-99.5075,93.2,60,75,14.97,broken clouds,2021-07-11 18:25:31
640,Kapustin Yar,48.5831,45.7372,83.55,35,64,13.8,broken clouds,2021-07-11 18:28:52
641,Port Hedland,-20.3167,118.5667,64.45,72,75,5.75,broken clouds,2021-07-11 18:28:52
642,Christiansburg,37.1298,-80.4089,87.84,69,75,5.75,broken clouds,2021-07-11 18:27:00
643,Riyadh,24.6877,46.7219,102.34,10,7,9.37,clear sky,2021-07-11 18:28:53
644,Comodoro Rivadavia,-45.8667,-67.5,53.46,22,0,28.77,clear sky,2021-07-11 18:25:34
645,Bulgan,48.8125,103.5347,57.63,91,100,2.08,overcast clouds,2021-07-11 18:28:53
646,Vallenar,-28.5708,-70.7581,70.5,36,83,7.45,broken clouds,2021-07-11 18:28:54
647,Nanticoke,41.2054,-76.0049,78.4,82,100,1.01,overcast clouds,2021-07-11 18:25:01
648,Urucui,-7.2294,-44.5561,96.31,27,31,9.06,scattered clouds,2021-07-11 18:28:54
649,Jiangyou,31.7667,104.7167,74.98,95,100,2.35,overcast clouds,2021-07-11 18:28:54
650,Tilichiki,60.4667,166.1,56.97,56,47,2.19,scattered clouds,2021-07-11 18:28:55
651,Bar-Le-Duc,48.75,5.1667,80.78,79,72,2.28,broken clouds,2021-07-11 18:28:55
652,Vernon,50.2581,-119.2691,88.12,28,56,2.3,broken clouds,2021-07-11 18:26:20
653,Vagamo,61.8751,9.0967,69.69,53,62,3.4,broken clouds,2021-07-11 18:28:55
654,Rodrigues Alves,-7.738,-72.6509,86.2,60,90,1.83,overcast clouds,2021-07-11 18:28:56
655,Beringovskiy,63.05,179.3167,56.32,67,73,4.12,broken clouds,2021-07-11 18:28:56
656,Marsh Harbour,26.5412,-77.0636,83.3,69,19,13.94,few clouds,2021-07-11 18:28:56
657,Sergeyevka,53.88,67.4158,62.13,95,100,9.57,light rain,2021-07-11 18:28:57
658,Erenhot,43.6475,111.9767,78.93,49,96,4.45,overcast clouds,2021-07-11 18:28:57
659,Shizunai,42.3339,142.3669,64.31,98,100,6.51,overcast clouds,2021-07-11 18:28:58
660,Batemans Bay,-35.7167,150.1833,46.2,92,100,4.43,overcast clouds,2021-07-11 18:28:58
661,Mwingi,-0.9344,38.0601,70.3,57,97,9.71,overcast clouds,2021-07-11 18:28:58
662,Marrakesh,31.6315,-8.0083,96.87,34,40,11.5,dust,2021-07-11 18:25:07
663,Maungaturoto,-36.1,174.3667,51.67,73,100,19.48,light rain,2021-07-11 18:28:59
664,Coahuayana,18.7333,-103.6833,89.08,62,48,4.74,scattered clouds,2021-07-11 18:28:59
665,Cranbrook,49.4999,-115.7688,80.44,24,75,3.44,broken clouds,2021-07-11 18:29:00
666,Angoche,-16.2325,39.9086,73.49,82,83,7.58,broken clouds,2021-07-11 18:29:00
667,Kisangani,0.5167,25.2,78.4,70,97,3.04,overcast clouds,2021-07-11 18:29:00
668,North Bend,43.4065,-124.2243,70.92,77,1,23.02,clear sky,2021-07-11 18:29:01
669,Sumenep,-7.0167,113.8667,79.63,81,81,10.54,broken clouds,2021-07-11 18:29:01
670,Susanville,40.4163,-120.653,94.82,22,1,3.0,clear sky,2021-07-11 18:27:51
671,Cardston,49.2,-113.3019,75.49,43,0,9.22,clear sky,2021-07-11 18:29:02
672,Kashary,49.04,41.0056,74.52,68,65,7.38,broken clouds,2021-07-11 18:29:02
673,Sola,-13.8833,167.55,77.67,94,75,0.0,broken clouds,2021-07-11 18:29:03
674,Bandarbeyla,9.4942,50.8122,78.89,75,54,28.32,broken clouds,2021-07-11 18:29:03
675,Cururupu,-1.8283,-44.8683,82.08,77,38,6.78,scattered clouds,2021-07-11 18:29:03
676,Cayenne,4.9333,-52.3333,76.08,91,90,2.3,heavy intensity rain,2021-07-11 18:29:04
677,Kemi,65.8596,24.8228,71.37,83,76,11.5,broken clouds,2021-07-11 18:29:04
678,Salinas,36.6777,-121.6555,91.2,33,1,6.89,clear sky,2021-07-11 18:28:45
679,Lincoln,40.8,-96.667,79.29,61,40,8.01,scattered clouds,2021-07-11 18:25:00
680,Orlik,52.5178,99.825,54.93,83,98,4.81,overcast clouds,2021-07-11 18:29:05
681,Dicabisagan,17.0818,122.4157,80.42,86,85,1.68,overcast clouds,2021-07-11 18:29:05
682,Maripi,5.5519,-74.0086,73.58,86,99,3.69,overcast clouds,2021-07-11 18:29:05
683,Taltal,-25.4,-70.4833,61.27,71,62,4.43,broken clouds,2021-07-11 18:29:06
684,Bendigo,-36.7667,144.2833,42.64,94,85,1.01,light rain,2021-07-11 18:27:57
685,Maniitsoq,65.4167,-52.9,43.68,75,89,1.14,overcast clouds,2021-07-11 18:26:27
686,Ormara,25.2088,64.6357,82.8,83,44,8.3,scattered clouds,2021-07-11 18:25:10
687,Morant Bay,17.8815,-76.4093,88.63,63,9,12.44,clear sky,2021-07-11 18:29:07
688,Kuching,1.55,110.3333,77.22,94,20,3.44,few clouds,2021-07-11 18:26:24
689,Sabha,27.0377,14.4283,100.04,11,0,15.99,clear sky,2021-07-11 18:29:07
690,Itoman,26.1247,127.6694,82.42,91,20,5.75,few clouds,2021-07-11 18:29:07
691,Kalininsk,51.5,44.4758,69.6,67,5,7.99,clear sky,2021-07-11 18:29:08
692,Viedma,-40.8135,-62.9967,59.67,34,14,2.13,few clouds,2021-07-11 18:29:08
693,Poyarkovo,49.6,128.6833,67.82,95,19,4.54,few clouds,2021-07-11 18:29:09
694,Alibag,18.6411,72.8792,80.67,91,100,17.36,moderate rain,2021-07-11 18:29:10
695,Vicosa,-20.7539,-42.8819,80.19,35,0,1.83,clear sky,2021-07-11 18:29:10
696,Varhaug,58.6147,5.6457,63.95,73,4,3.67,clear sky,2021-07-11 18:29:10
697,Kanonji,34.1167,133.65,75.56,89,46,3.87,scattered clouds,2021-07-11 18:29:11
698,Eenhana,-17.4667,16.3333,69.55,21,0,4.79,clear sky,2021-07-11 18:29:11
699,Austin,30.2672,-97.7431,91.22,72,75,5.01,broken clouds,2021-07-11 18:25:31
700,Mormugao,15.4,73.8,76.26,100,90,6.91,overcast clouds,2021-07-11 18:29:12
701,Mount Isa,-20.7333,139.5,40.77,65,55,0.0,broken clouds,2021-07-11 18:25:41
702,Foso,5.7012,-1.2866,76.3,78,79,4.9,broken clouds,2021-07-11 18:29:12
